fecha,producto_id,unidades_vendidas,precio_venta,flag_promocion,stock_disponible
2026-07-03,PROD_BEBIDA_01,23,3.5,0,30
2026-07-04,PROD_BEBIDA_01,29,3.5,0,21
2026-07-05,PROD_BEBIDA_01,29,3.5,0,44
2026-07-06,PROD_BEBIDA_01,26,3.5,0,40
2026-07-07,PROD_BEBIDA_01,38,3.5,1,56
2026-07-08,PROD_BEBIDA_01,22,3.5,0,26
2026-07-09,PROD_BEBIDA_01,21,3.5,0,34
2026-07-10,PROD_BEBIDA_01,21,3.5,0,35
2026-07-11,PROD_BEBIDA_01,37,3.5,0,20
2026-07-12,PROD_BEBIDA_01,30,3.5,0,31
2026-07-13,PROD_BEBIDA_01,25,3.5,0,45
2026-07-14,PROD_BEBIDA_01,21,3.5,0,54
2026-07-15,PROD_BEBIDA_01,26,3.5,0,18
2026-07-16,PROD_BEBIDA_01,24,3.5,0,27
2026-07-17,PROD_BEBIDA_01,24,3.5,0,16
2026-07-18,PROD_BEBIDA_01,35,3.5,0,55
2026-07-19,PROD_BEBIDA_01,37,3.5,0,54
2026-07-20,PROD_BEBIDA_01,26,3.5,0,59
2026-07-21,PROD_BEBIDA_01,22,3.5,0,33
2026-07-22,PROD_BEBIDA_01,21,3.5,0,54
2026-07-23,PROD_BEBIDA_01,36,3.5,1,30
2026-07-24,PROD_BEBIDA_01,25,3.5,0,32
2026-07-25,PROD_BEBIDA_01,34,3.5,0,58
2026-07-26,PROD_BEBIDA_01,35,3.5,0,54
2026-07-27,PROD_BEBIDA_01,23,3.5,0,34
2026-07-28,PROD_BEBIDA_01,23,3.5,0,16
2026-07-29,PROD_BEBIDA_01,25,3.5,0,29
2026-07-30,PROD_BEBIDA_01,41,3.5,1,47
2026-07-31,PROD_BEBIDA_01,22,3.5,0,17
2026-08-01,PROD_BEBIDA_01,31,3.5,0,50
2026-08-02,PROD_BEBIDA_01,30,3.5,0,56
2026-08-03,PROD_BEBIDA_01,24,3.5,0,47
2026-08-04,PROD_BEBIDA_01,24,3.5,0,22
2026-08-05,PROD_BEBIDA_01,38,3.5,1,45
2026-08-06,PROD_BEBIDA_01,22,3.5,0,23
2026-08-07,PROD_BEBIDA_01,21,3.5,0,57
2026-08-08,PROD_BEBIDA_01,35,3.5,0,26
2026-08-09,PROD_BEBIDA_01,32,3.5,0,35
2026-08-10,PROD_BEBIDA_01,27,3.5,0,23
2026-08-11,PROD_BEBIDA_01,29,3.5,0,18
2026-08-12,PROD_BEBIDA_01,29,3.5,0,31
2026-08-13,PROD_BEBIDA_01,26,3.5,0,57
2026-08-14,PROD_BEBIDA_01,36,3.5,1,18
2026-08-15,PROD_BEBIDA_01,35,3.5,0,28
2026-08-16,PROD_BEBIDA_01,31,3.5,0,58
2026-08-17,PROD_BEBIDA_01,28,3.5,0,55
2026-08-18,PROD_BEBIDA_01,37,3.5,1,55
2026-08-19,PROD_BEBIDA_01,28,3.5,0,22
2026-08-20,PROD_BEBIDA_01,23,3.5,0,29
2026-08-21,PROD_BEBIDA_01,29,3.5,0,42
2026-08-22,PROD_BEBIDA_01,37,3.5,0,16
2026-08-23,PROD_BEBIDA_01,36,3.5,0,23
2026-08-24,PROD_BEBIDA_01,24,3.5,0,40
2026-08-25,PROD_BEBIDA_01,23,3.5,0,34
2026-08-26,PROD_BEBIDA_01,24,3.5,0,32
2026-08-27,PROD_BEBIDA_01,22,3.5,0,57
2026-08-28,PROD_BEBIDA_01,29,3.5,0,36
2026-08-29,PROD_BEBIDA_01,34,3.5,0,15
2026-08-30,PROD_BEBIDA_01,33,3.5,0,31
2026-08-31,PROD_BEBIDA_01,24,3.5,0,36
2026-09-01,PROD_BEBIDA_01,23,3.5,0,22
2026-09-02,PROD_BEBIDA_01,29,3.5,0,51
2026-09-03,PROD_BEBIDA_01,23,3.5,0,31
2026-09-04,PROD_BEBIDA_01,28,3.5,0,15
2026-09-05,PROD_BEBIDA_01,29,3.5,0,50
2026-09-06,PROD_BEBIDA_01,35,3.5,0,25
2026-09-07,PROD_BEBIDA_01,23,3.5,0,37
2026-09-08,PROD_BEBIDA_01,38,3.5,1,50
2026-09-09,PROD_BEBIDA_01,25,3.5,0,58
2026-09-10,PROD_BEBIDA_01,28,3.5,0,59
2026-09-11,PROD_BEBIDA_01,24,3.5,0,41
2026-09-12,PROD_BEBIDA_01,37,3.5,0,29
2026-09-13,PROD_BEBIDA_01,29,3.5,0,38
2026-09-14,PROD_BEBIDA_01,23,3.5,0,52
2026-09-15,PROD_BEBIDA_01,27,3.5,0,33
2026-09-16,PROD_BEBIDA_01,25,3.5,0,24
2026-09-17,PROD_BEBIDA_01,36,3.5,1,31
2026-09-18,PROD_BEBIDA_01,37,3.5,1,18
2026-09-19,PROD_BEBIDA_01,33,3.5,0,43
2026-09-20,PROD_BEBIDA_01,31,3.5,0,53
2026-09-21,PROD_BEBIDA_01,27,3.5,0,56
2026-09-22,PROD_BEBIDA_01,24,3.5,0,30
2026-09-23,PROD_BEBIDA_01,24,3.5,0,18
2026-09-24,PROD_BEBIDA_01,28,3.5,0,32
2026-09-25,PROD_BEBIDA_01,24,3.5,0,46
2026-09-26,PROD_BEBIDA_01,30,3.5,0,51
2026-09-27,PROD_BEBIDA_01,31,3.5,0,21
2026-09-28,PROD_BEBIDA_01,29,3.5,0,35
2026-09-29,PROD_BEBIDA_01,27,3.5,0,43
2026-09-30,PROD_BEBIDA_01,21,3.5,0,59
2026-07-03,PROD_SNACK_02,18,5.0,0,28
2026-07-04,PROD_SNACK_02,30,5.0,0,57
2026-07-05,PROD_SNACK_02,27,5.0,0,15
2026-07-06,PROD_SNACK_02,26,5.0,1,29
2026-07-07,PROD_SNACK_02,22,5.0,0,45
2026-07-08,PROD_SNACK_02,20,5.0,0,17
2026-07-09,PROD_SNACK_02,16,5.0,0,45
2026-07-10,PROD_SNACK_02,16,5.0,0,38
2026-07-11,PROD_SNACK_02,22,5.0,0,59
2026-07-12,PROD_SNACK_02,23,5.0,0,21
2026-07-13,PROD_SNACK_02,18,5.0,0,42
2026-07-14,PROD_SNACK_02,27,5.0,1,40
2026-07-15,PROD_SNACK_02,26,5.0,1,16
2026-07-16,PROD_SNACK_02,18,5.0,0,53
2026-07-17,PROD_SNACK_02,15,5.0,0,52
2026-07-18,PROD_SNACK_02,30,5.0,0,39
2026-07-19,PROD_SNACK_02,28,5.0,0,46
2026-07-20,PROD_SNACK_02,22,5.0,0,35
2026-07-21,PROD_SNACK_02,16,5.0,0,28
2026-07-22,PROD_SNACK_02,19,5.0,0,20
2026-07-23,PROD_SNACK_02,22,5.0,0,41
2026-07-24,PROD_SNACK_02,17,5.0,0,45
2026-07-25,PROD_SNACK_02,30,5.0,0,51
2026-07-26,PROD_SNACK_02,27,5.0,0,52
2026-07-27,PROD_SNACK_02,22,5.0,0,58
2026-07-28,PROD_SNACK_02,19,5.0,0,21
2026-07-29,PROD_SNACK_02,19,5.0,0,22
2026-07-30,PROD_SNACK_02,16,5.0,0,40
2026-07-31,PROD_SNACK_02,16,5.0,0,55
2026-08-01,PROD_SNACK_02,30,5.0,0,17
2026-08-02,PROD_SNACK_02,28,5.0,0,16
2026-08-03,PROD_SNACK_02,21,5.0,0,39
2026-08-04,PROD_SNACK_02,16,5.0,0,15
2026-08-05,PROD_SNACK_02,22,5.0,0,16
2026-08-06,PROD_SNACK_02,15,5.0,0,29
2026-08-07,PROD_SNACK_02,19,5.0,0,44
2026-08-08,PROD_SNACK_02,25,5.0,0,22
2026-08-09,PROD_SNACK_02,29,5.0,0,49
2026-08-10,PROD_SNACK_02,21,5.0,0,59
2026-08-11,PROD_SNACK_02,15,5.0,0,39
2026-08-12,PROD_SNACK_02,18,5.0,0,25
2026-08-13,PROD_SNACK_02,22,5.0,0,53
2026-08-14,PROD_SNACK_02,17,5.0,0,16
2026-08-15,PROD_SNACK_02,30,5.0,0,36
2026-08-16,PROD_SNACK_02,23,5.0,0,20
2026-08-17,PROD_SNACK_02,17,5.0,0,24
2026-08-18,PROD_SNACK_02,21,5.0,0,41
2026-08-19,PROD_SNACK_02,33,5.0,1,23
2026-08-20,PROD_SNACK_02,15,5.0,0,33
2026-08-21,PROD_SNACK_02,16,5.0,0,44
2026-08-22,PROD_SNACK_02,24,5.0,0,22
2026-08-23,PROD_SNACK_02,23,5.0,0,34
2026-08-24,PROD_SNACK_02,15,5.0,0,22
2026-08-25,PROD_SNACK_02,28,5.0,1,19
2026-08-26,PROD_SNACK_02,20,5.0,0,33
2026-08-27,PROD_SNACK_02,19,5.0,0,17
2026-08-28,PROD_SNACK_02,14,5.0,0,41
2026-08-29,PROD_SNACK_02,28,5.0,0,41
2026-08-30,PROD_SNACK_02,23,5.0,0,54
2026-08-31,PROD_SNACK_02,28,5.0,1,26
2026-09-01,PROD_SNACK_02,15,5.0,0,33
2026-09-02,PROD_SNACK_02,16,5.0,0,51
2026-09-03,PROD_SNACK_02,19,5.0,0,34
2026-09-04,PROD_SNACK_02,31,5.0,1,58
2026-09-05,PROD_SNACK_02,41,5.0,1,23
2026-09-06,PROD_SNACK_02,35,5.0,1,32
2026-09-07,PROD_SNACK_02,17,5.0,0,46
2026-09-08,PROD_SNACK_02,33,5.0,1,22
2026-09-09,PROD_SNACK_02,15,5.0,0,21
2026-09-10,PROD_SNACK_02,18,5.0,0,59
2026-09-11,PROD_SNACK_02,20,5.0,0,50
2026-09-12,PROD_SNACK_02,26,5.0,0,46
2026-09-13,PROD_SNACK_02,28,5.0,0,22
2026-09-14,PROD_SNACK_02,15,5.0,0,45
2026-09-15,PROD_SNACK_02,15,5.0,0,29
2026-09-16,PROD_SNACK_02,17,5.0,0,22
2026-09-17,PROD_SNACK_02,14,5.0,0,32
2026-09-18,PROD_SNACK_02,20,5.0,0,53
2026-09-19,PROD_SNACK_02,29,5.0,0,41
2026-09-20,PROD_SNACK_02,28,5.0,0,37
2026-09-21,PROD_SNACK_02,20,5.0,0,19
2026-09-22,PROD_SNACK_02,21,5.0,0,19
2026-09-23,PROD_SNACK_02,14,5.0,0,59
2026-09-24,PROD_SNACK_02,14,5.0,0,48
2026-09-25,PROD_SNACK_02,15,5.0,0,38
2026-09-26,PROD_SNACK_02,23,5.0,0,55
2026-09-27,PROD_SNACK_02,27,5.0,0,46
2026-09-28,PROD_SNACK_02,20,5.0,0,56
2026-09-29,PROD_SNACK_02,18,5.0,0,45
2026-09-30,PROD_SNACK_02,22,5.0,0,22
2026-07-03,PROD_ABARROTE_03,12,4.8,0,17
2026-07-04,PROD_ABARROTE_03,22,4.8,0,41
2026-07-05,PROD_ABARROTE_03,21,4.8,0,29
2026-07-06,PROD_ABARROTE_03,15,4.8,0,38
2026-07-07,PROD_ABARROTE_03,12,4.8,0,19
2026-07-08,PROD_ABARROTE_03,14,4.8,0,39
2026-07-09,PROD_ABARROTE_03,18,4.8,0,41
2026-07-10,PROD_ABARROTE_03,14,4.8,0,31
2026-07-11,PROD_ABARROTE_03,19,4.8,0,51
2026-07-12,PROD_ABARROTE_03,23,4.8,0,20
2026-07-13,PROD_ABARROTE_03,11,4.8,0,25
2026-07-14,PROD_ABARROTE_03,18,4.8,0,27
2026-07-15,PROD_ABARROTE_03,14,4.8,0,31
2026-07-16,PROD_ABARROTE_03,23,4.8,1,57
2026-07-17,PROD_ABARROTE_03,11,4.8,0,55
2026-07-18,PROD_ABARROTE_03,24,4.8,0,24
2026-07-19,PROD_ABARROTE_03,21,4.8,0,45
2026-07-20,PROD_ABARROTE_03,13,4.8,0,26
2026-07-21,PROD_ABARROTE_03,31,4.8,1,57
2026-07-22,PROD_ABARROTE_03,29,4.8,1,20
2026-07-23,PROD_ABARROTE_03,11,4.8,0,41
2026-07-24,PROD_ABARROTE_03,12,4.8,0,57
2026-07-25,PROD_ABARROTE_03,25,4.8,0,19
2026-07-26,PROD_ABARROTE_03,19,4.8,0,41
2026-07-27,PROD_ABARROTE_03,13,4.8,0,30
2026-07-28,PROD_ABARROTE_03,15,4.8,0,51
2026-07-29,PROD_ABARROTE_03,17,4.8,0,51
2026-07-30,PROD_ABARROTE_03,11,4.8,0,30
2026-07-31,PROD_ABARROTE_03,13,4.8,0,56
2026-08-01,PROD_ABARROTE_03,21,4.8,0,32
2026-08-02,PROD_ABARROTE_03,23,4.8,0,53
2026-08-03,PROD_ABARROTE_03,26,4.8,1,41
2026-08-04,PROD_ABARROTE_03,18,4.8,0,39
2026-08-05,PROD_ABARROTE_03,16,4.8,0,54
2026-08-06,PROD_ABARROTE_03,18,4.8,0,46
2026-08-07,PROD_ABARROTE_03,18,4.8,0,24
2026-08-08,PROD_ABARROTE_03,22,4.8,0,50
2026-08-09,PROD_ABARROTE_03,21,4.8,0,49
2026-08-10,PROD_ABARROTE_03,12,4.8,0,51
2026-08-11,PROD_ABARROTE_03,24,4.8,1,43
2026-08-12,PROD_ABARROTE_03,29,4.8,1,23
2026-08-13,PROD_ABARROTE_03,19,4.8,0,24
2026-08-14,PROD_ABARROTE_03,17,4.8,0,49
2026-08-15,PROD_ABARROTE_03,22,4.8,0,51
2026-08-16,PROD_ABARROTE_03,35,4.8,1,43
2026-08-17,PROD_ABARROTE_03,19,4.8,0,55
2026-08-18,PROD_ABARROTE_03,16,4.8,0,15
2026-08-19,PROD_ABARROTE_03,14,4.8,0,22
2026-08-20,PROD_ABARROTE_03,11,4.8,0,24
2026-08-21,PROD_ABARROTE_03,17,4.8,0,40
2026-08-22,PROD_ABARROTE_03,24,4.8,0,28
2026-08-23,PROD_ABARROTE_03,23,4.8,0,49
2026-08-24,PROD_ABARROTE_03,15,4.8,0,57
2026-08-25,PROD_ABARROTE_03,17,4.8,0,30
2026-08-26,PROD_ABARROTE_03,13,4.8,0,55
2026-08-27,PROD_ABARROTE_03,13,4.8,0,16
2026-08-28,PROD_ABARROTE_03,14,4.8,0,31
2026-08-29,PROD_ABARROTE_03,26,4.8,0,39
2026-08-30,PROD_ABARROTE_03,32,4.8,1,20
2026-08-31,PROD_ABARROTE_03,12,4.8,0,16
2026-09-01,PROD_ABARROTE_03,15,4.8,0,58
2026-09-02,PROD_ABARROTE_03,16,4.8,0,16
2026-09-03,PROD_ABARROTE_03,15,4.8,0,27
2026-09-04,PROD_ABARROTE_03,23,4.8,1,17
2026-09-05,PROD_ABARROTE_03,34,4.8,1,57
2026-09-06,PROD_ABARROTE_03,25,4.8,0,58
2026-09-07,PROD_ABARROTE_03,12,4.8,0,35
2026-09-08,PROD_ABARROTE_03,18,4.8,0,15
2026-09-09,PROD_ABARROTE_03,26,4.8,1,25
2026-09-10,PROD_ABARROTE_03,24,4.8,1,29
2026-09-11,PROD_ABARROTE_03,11,4.8,0,43
2026-09-12,PROD_ABARROTE_03,21,4.8,0,22
2026-09-13,PROD_ABARROTE_03,27,4.8,0,16
2026-09-14,PROD_ABARROTE_03,14,4.8,0,37
2026-09-15,PROD_ABARROTE_03,24,4.8,1,37
2026-09-16,PROD_ABARROTE_03,18,4.8,0,23
2026-09-17,PROD_ABARROTE_03,29,4.8,1,17
2026-09-18,PROD_ABARROTE_03,16,4.8,0,52
2026-09-19,PROD_ABARROTE_03,20,4.8,0,33
2026-09-20,PROD_ABARROTE_03,22,4.8,0,21
2026-09-21,PROD_ABARROTE_03,16,4.8,0,30
2026-09-22,PROD_ABARROTE_03,19,4.8,0,55
2026-09-23,PROD_ABARROTE_03,18,4.8,0,21
2026-09-24,PROD_ABARROTE_03,17,4.8,0,25
2026-09-25,PROD_ABARROTE_03,18,4.8,0,23
2026-09-26,PROD_ABARROTE_03,26,4.8,0,48
2026-09-27,PROD_ABARROTE_03,27,4.8,0,32
2026-09-28,PROD_ABARROTE_03,24,4.8,1,38
2026-09-29,PROD_ABARROTE_03,13,4.8,0,57
2026-09-30,PROD_ABARROTE_03,24,4.8,1,30
2026-07-03,PROD_BEBIDA_04,29,2.2,0,17
2026-07-04,PROD_BEBIDA_04,39,2.2,0,16
2026-07-05,PROD_BEBIDA_04,42,2.2,0,22
2026-07-06,PROD_BEBIDA_04,28,2.2,0,23
2026-07-07,PROD_BEBIDA_04,30,2.2,0,23
2026-07-08,PROD_BEBIDA_04,27,2.2,0,25
2026-07-09,PROD_BEBIDA_04,26,2.2,0,18
2026-07-10,PROD_BEBIDA_04,28,2.2,0,54
2026-07-11,PROD_BEBIDA_04,51,2.2,1,43
2026-07-12,PROD_BEBIDA_04,42,2.2,0,25
2026-07-13,PROD_BEBIDA_04,33,2.2,0,21
2026-07-14,PROD_BEBIDA_04,29,2.2,0,36
2026-07-15,PROD_BEBIDA_04,29,2.2,0,38
2026-07-16,PROD_BEBIDA_04,27,2.2,0,44
2026-07-17,PROD_BEBIDA_04,26,2.2,0,52
2026-07-18,PROD_BEBIDA_04,37,2.2,0,28
2026-07-19,PROD_BEBIDA_04,42,2.2,0,52
2026-07-20,PROD_BEBIDA_04,29,2.2,0,56
2026-07-21,PROD_BEBIDA_04,29,2.2,0,34
2026-07-22,PROD_BEBIDA_04,33,2.2,0,40
2026-07-23,PROD_BEBIDA_04,28,2.2,0,37
2026-07-24,PROD_BEBIDA_04,33,2.2,0,32
2026-07-25,PROD_BEBIDA_04,38,2.2,0,50
2026-07-26,PROD_BEBIDA_04,49,2.2,1,41
2026-07-27,PROD_BEBIDA_04,29,2.2,0,50
2026-07-28,PROD_BEBIDA_04,27,2.2,0,47
2026-07-29,PROD_BEBIDA_04,30,2.2,0,35
2026-07-30,PROD_BEBIDA_04,34,2.2,0,28
2026-07-31,PROD_BEBIDA_04,27,2.2,0,48
2026-08-01,PROD_BEBIDA_04,36,2.2,0,53
2026-08-02,PROD_BEBIDA_04,34,2.2,0,59
2026-08-03,PROD_BEBIDA_04,31,2.2,0,18
2026-08-04,PROD_BEBIDA_04,30,2.2,0,17
2026-08-05,PROD_BEBIDA_04,38,2.2,1,23
2026-08-06,PROD_BEBIDA_04,29,2.2,0,31
2026-08-07,PROD_BEBIDA_04,34,2.2,0,55
2026-08-08,PROD_BEBIDA_04,38,2.2,0,27
2026-08-09,PROD_BEBIDA_04,41,2.2,0,30
2026-08-10,PROD_BEBIDA_04,33,2.2,0,33
2026-08-11,PROD_BEBIDA_04,33,2.2,0,42
2026-08-12,PROD_BEBIDA_04,30,2.2,0,34
2026-08-13,PROD_BEBIDA_04,27,2.2,0,20
2026-08-14,PROD_BEBIDA_04,27,2.2,0,20
2026-08-15,PROD_BEBIDA_04,36,2.2,0,46
2026-08-16,PROD_BEBIDA_04,41,2.2,0,59
2026-08-17,PROD_BEBIDA_04,34,2.2,0,46
2026-08-18,PROD_BEBIDA_04,33,2.2,0,45
2026-08-19,PROD_BEBIDA_04,34,2.2,0,32
2026-08-20,PROD_BEBIDA_04,43,2.2,1,42
2026-08-21,PROD_BEBIDA_04,33,2.2,0,16
2026-08-22,PROD_BEBIDA_04,34,2.2,0,54
2026-08-23,PROD_BEBIDA_04,42,2.2,0,53
2026-08-24,PROD_BEBIDA_04,32,2.2,0,16
2026-08-25,PROD_BEBIDA_04,29,2.2,0,38
2026-08-26,PROD_BEBIDA_04,28,2.2,0,58
2026-08-27,PROD_BEBIDA_04,29,2.2,0,38
2026-08-28,PROD_BEBIDA_04,34,2.2,0,19
2026-08-29,PROD_BEBIDA_04,41,2.2,0,31
2026-08-30,PROD_BEBIDA_04,37,2.2,0,37
2026-08-31,PROD_BEBIDA_04,34,2.2,0,21
2026-09-01,PROD_BEBIDA_04,32,2.2,0,27
2026-09-02,PROD_BEBIDA_04,26,2.2,0,27
2026-09-03,PROD_BEBIDA_04,44,2.2,1,30
2026-09-04,PROD_BEBIDA_04,26,2.2,0,44
2026-09-05,PROD_BEBIDA_04,40,2.2,0,19
2026-09-06,PROD_BEBIDA_04,35,2.2,0,18
2026-09-07,PROD_BEBIDA_04,33,2.2,0,21
2026-09-08,PROD_BEBIDA_04,33,2.2,0,30
2026-09-09,PROD_BEBIDA_04,34,2.2,0,34
2026-09-10,PROD_BEBIDA_04,32,2.2,0,30
2026-09-11,PROD_BEBIDA_04,29,2.2,0,36
2026-09-12,PROD_BEBIDA_04,36,2.2,0,55
2026-09-13,PROD_BEBIDA_04,35,2.2,0,36
2026-09-14,PROD_BEBIDA_04,27,2.2,0,35
2026-09-15,PROD_BEBIDA_04,31,2.2,0,41
2026-09-16,PROD_BEBIDA_04,38,2.2,1,49
2026-09-17,PROD_BEBIDA_04,30,2.2,0,50
2026-09-18,PROD_BEBIDA_04,32,2.2,0,36
2026-09-19,PROD_BEBIDA_04,34,2.2,0,41
2026-09-20,PROD_BEBIDA_04,54,2.2,1,35
2026-09-21,PROD_BEBIDA_04,32,2.2,0,48
2026-09-22,PROD_BEBIDA_04,32,2.2,0,57
2026-09-23,PROD_BEBIDA_04,28,2.2,0,24
2026-09-24,PROD_BEBIDA_04,31,2.2,0,37
2026-09-25,PROD_BEBIDA_04,31,2.2,0,38
2026-09-26,PROD_BEBIDA_04,37,2.2,0,34
2026-09-27,PROD_BEBIDA_04,37,2.2,0,44
2026-09-28,PROD_BEBIDA_04,29,2.2,0,55
2026-09-29,PROD_BEBIDA_04,46,2.2,1,57
2026-09-30,PROD_BEBIDA_04,31,2.2,0,40
2026-07-03,PROD_SNACK_05,24,2.0,0,18
2026-07-04,PROD_SNACK_05,31,2.0,0,19
2026-07-05,PROD_SNACK_05,27,2.0,0,27
2026-07-06,PROD_SNACK_05,24,2.0,0,46
2026-07-07,PROD_SNACK_05,24,2.0,0,39
2026-07-08,PROD_SNACK_05,21,2.0,0,54
2026-07-09,PROD_SNACK_05,24,2.0,0,18
2026-07-10,PROD_SNACK_05,18,2.0,0,35
2026-07-11,PROD_SNACK_05,28,2.0,0,19
2026-07-12,PROD_SNACK_05,29,2.0,0,37
2026-07-13,PROD_SNACK_05,16,2.0,0,48
2026-07-14,PROD_SNACK_05,19,2.0,0,48
2026-07-15,PROD_SNACK_05,16,2.0,0,25
2026-07-16,PROD_SNACK_05,34,2.0,1,41
2026-07-17,PROD_SNACK_05,16,2.0,0,28
2026-07-18,PROD_SNACK_05,24,2.0,0,38
2026-07-19,PROD_SNACK_05,28,2.0,0,17
2026-07-20,PROD_SNACK_05,22,2.0,0,17
2026-07-21,PROD_SNACK_05,23,2.0,0,55
2026-07-22,PROD_SNACK_05,20,2.0,0,56
2026-07-23,PROD_SNACK_05,22,2.0,0,42
2026-07-24,PROD_SNACK_05,20,2.0,0,36
2026-07-25,PROD_SNACK_05,26,2.0,0,26
2026-07-26,PROD_SNACK_05,31,2.0,0,24
2026-07-27,PROD_SNACK_05,19,2.0,0,16
2026-07-28,PROD_SNACK_05,17,2.0,0,24
2026-07-29,PROD_SNACK_05,29,2.0,1,36
2026-07-30,PROD_SNACK_05,17,2.0,0,36
2026-07-31,PROD_SNACK_05,18,2.0,0,27
2026-08-01,PROD_SNACK_05,28,2.0,0,58
2026-08-02,PROD_SNACK_05,27,2.0,0,54
2026-08-03,PROD_SNACK_05,23,2.0,0,51
2026-08-04,PROD_SNACK_05,33,2.0,1,15
2026-08-05,PROD_SNACK_05,24,2.0,0,59
2026-08-06,PROD_SNACK_05,19,2.0,0,34
2026-08-07,PROD_SNACK_05,33,2.0,1,47
2026-08-08,PROD_SNACK_05,28,2.0,0,44
2026-08-09,PROD_SNACK_05,30,2.0,0,19
2026-08-10,PROD_SNACK_05,21,2.0,0,21
2026-08-11,PROD_SNACK_05,23,2.0,0,30
2026-08-12,PROD_SNACK_05,20,2.0,0,22
2026-08-13,PROD_SNACK_05,32,2.0,1,26
2026-08-14,PROD_SNACK_05,24,2.0,0,19
2026-08-15,PROD_SNACK_05,29,2.0,0,34
2026-08-16,PROD_SNACK_05,27,2.0,0,34
2026-08-17,PROD_SNACK_05,20,2.0,0,50
2026-08-18,PROD_SNACK_05,21,2.0,0,51
2026-08-19,PROD_SNACK_05,36,2.0,1,34
2026-08-20,PROD_SNACK_05,19,2.0,0,26
2026-08-21,PROD_SNACK_05,30,2.0,1,39
2026-08-22,PROD_SNACK_05,26,2.0,0,43
2026-08-23,PROD_SNACK_05,25,2.0,0,35
2026-08-24,PROD_SNACK_05,31,2.0,1,48
2026-08-25,PROD_SNACK_05,21,2.0,0,16
2026-08-26,PROD_SNACK_05,24,2.0,0,22
2026-08-27,PROD_SNACK_05,24,2.0,0,58
2026-08-28,PROD_SNACK_05,17,2.0,0,29
2026-08-29,PROD_SNACK_05,44,2.0,1,32
2026-08-30,PROD_SNACK_05,28,2.0,0,20
2026-08-31,PROD_SNACK_05,28,2.0,1,23
2026-09-01,PROD_SNACK_05,17,2.0,0,23
2026-09-02,PROD_SNACK_05,19,2.0,0,23
2026-09-03,PROD_SNACK_05,24,2.0,0,35
2026-09-04,PROD_SNACK_05,35,2.0,1,37
2026-09-05,PROD_SNACK_05,27,2.0,0,31
2026-09-06,PROD_SNACK_05,25,2.0,0,19
2026-09-07,PROD_SNACK_05,24,2.0,0,32
2026-09-08,PROD_SNACK_05,24,2.0,0,58
2026-09-09,PROD_SNACK_05,23,2.0,0,20
2026-09-10,PROD_SNACK_05,21,2.0,0,33
2026-09-11,PROD_SNACK_05,18,2.0,0,52
2026-09-12,PROD_SNACK_05,29,2.0,0,18
2026-09-13,PROD_SNACK_05,28,2.0,0,22
2026-09-14,PROD_SNACK_05,18,2.0,0,55
2026-09-15,PROD_SNACK_05,18,2.0,0,25
2026-09-16,PROD_SNACK_05,20,2.0,0,38
2026-09-17,PROD_SNACK_05,23,2.0,0,33
2026-09-18,PROD_SNACK_05,23,2.0,0,17
2026-09-19,PROD_SNACK_05,44,2.0,1,28
2026-09-20,PROD_SNACK_05,31,2.0,0,51
2026-09-21,PROD_SNACK_05,36,2.0,1,36
2026-09-22,PROD_SNACK_05,24,2.0,0,37
2026-09-23,PROD_SNACK_05,24,2.0,0,34
2026-09-24,PROD_SNACK_05,21,2.0,0,25
2026-09-25,PROD_SNACK_05,22,2.0,0,46
2026-09-26,PROD_SNACK_05,29,2.0,0,16
2026-09-27,PROD_SNACK_05,31,2.0,0,39
2026-09-28,PROD_SNACK_05,36,2.0,1,22
2026-09-29,PROD_SNACK_05,23,2.0,0,48
2026-09-30,PROD_SNACK_05,22,2.0,0,19
